GROUP,PACKAGE,CLASS,INSTRUCTION_MISSED,INSTRUCTION_COVERED,BRANCH_MISSED,BRANCH_COVERED,LINE_MISSED,LINE_COVERED,COMPLEXITY_MISSED,COMPLEXITY_COVERED,METHOD_MISSED,METHOD_COVERED
BITACORA-TERCIO2,com.dows.bitacora2.restaurante.exception,EstadoInvalidoException,4,0,0,0,1,0,1,0,1,0
BITACORA-TERCIO2,com.dows.bitacora2.restaurante.exception,ToppingsExcedidosException,0,4,0,0,0,2,0,1,0,1
BITACORA-TERCIO2,com.dows.bitacora2.restaurante.exception,ReglaDeNegocioException,0,4,0,0,0,1,0,1,0,1
BITACORA-TERCIO2,com.dows.bitacora2.restaurante.exception,RecursoNoEncontradoException,0,6,0,0,0,2,0,1,0,1
BITACORA-TERCIO2,com.dows.bitacora2.restaurante.exception,TransicionEstadoInvalidaException,0,4,0,0,0,2,0,1,0,1
BITACORA-TERCIO2,com.dows.bitacora2.restaurante.exception,MesaNoDisponibleException,4,0,0,0,2,0,1,0,1,0
BITACORA-TERCIO2,com.dows.bitacora2.restaurante.exception,ConflictoException,4,0,0,0,1,0,1,0,1,0
BITACORA-TERCIO2,com.dows.bitacora2.restaurante.config,SwaggerConfig,17,0,0,0,6,0,2,0,2,0
BITACORA-TERCIO2,com.dows.bitacora2.restaurante.model.dto.response,ItemPedidoResponseDTO,59,0,0,0,17,0,17,0,17,0
BITACORA-TERCIO2,com.dows.bitacora2.restaurante.model.dto.response,PedidoResponseDTO,45,0,0,0,13,0,13,0,13,0
BITACORA-TERCIO2,com.dows.bitacora2.restaurante.model.dto.response,MesaResponseDTO,56,0,0,0,18,0,12,0,12,0
BITACORA-TERCIO2,com.dows.bitacora2.restaurante.model.dto.response,PlatoResponseDTO,56,0,0,0,18,0,12,0,12,0
BITACORA-TERCIO2,com.dows.bitacora2.restaurante.model.dto.response,ErrorResponseDTO,56,0,0,0,18,0,12,0,12,0
BITACORA-TERCIO2,com.dows.bitacora2.restaurante.model.dto.response,CuentaResponseDTO,38,0,0,0,11,0,11,0,11,0
BITACORA-TERCIO2,com.dows.bitacora2.restaurante,RestauranteApplication,8,0,0,0,3,0,2,0,2,0
BITACORA-TERCIO2,com.dows.bitacora2.restaurante.persistence.document,EventoPedidoDocument,45,18,0,0,13,7,13,1,13,1
BITACORA-TERCIO2,com.dows.bitacora2.restaurante.validator,PlatoValidator,24,0,2,0,6,0,4,0,3,0
BITACORA-TERCIO2,com.dows.bitacora2.restaurante.service,PedidoServiceImpl,113,250,12,16,24,53,14,13,4,9
BITACORA-TERCIO2,com.dows.bitacora2.restaurante.service,PlatoServiceImpl,127,87,5,1,23,18,11,5,8,5
BITACORA-TERCIO2,com.dows.bitacora2.restaurante.service,CuentaServiceImpl,47,171,3,3,5,39,8,7,6,6
BITACORA-TERCIO2,com.dows.bitacora2.restaurante.service,MesaServiceImpl,240,77,11,1,41,18,18,5,12,5
BITACORA-TERCIO2,com.dows.bitacora2.restaurante.model.domain,EstadoMesa,0,21,0,0,0,2,0,1,0,1
BITACORA-TERCIO2,com.dows.bitacora2.restaurante.model.domain,EstadoPedido,22,47,10,4,4,4,8,3,1,2
BITACORA-TERCIO2,com.dows.bitacora2.restaurante.model.domain,Pedido,25,39,0,2,9,10,3,11,3,10
BITACORA-TERCIO2,com.dows.bitacora2.restaurante.model.domain,Mesa,40,29,4,0,11,8,7,8,5,8
BITACORA-TERCIO2,com.dows.bitacora2.restaurante.model.domain,Cuenta,38,28,2,0,11,8,6,8,5,8
BITACORA-TERCIO2,com.dows.bitacora2.restaurante.model.domain,Plato,44,37,0,0,14,10,7,10,7,10
BITACORA-TERCIO2,com.dows.bitacora2.restaurante.model.domain,EstadoCuenta,0,15,0,0,0,2,0,1,0,1
BITACORA-TERCIO2,com.dows.bitacora2.restaurante.model.domain,ItemPedido,47,49,4,0,11,14,5,14,3,14
BITACORA-TERCIO2,com.dows.bitacora2.restaurante.mapper,MesaMapperImpl,87,0,8,0,25,0,8,0,4,0
BITACORA-TERCIO2,com.dows.bitacora2.restaurante.mapper,PedidoMapper,16,0,4,0,4,0,3,0,1,0
BITACORA-TERCIO2,com.dows.bitacora2.restaurante.mapper,CuentaMapperImpl,90,0,10,0,26,0,9,0,4,0
BITACORA-TERCIO2,com.dows.bitacora2.restaurante.mapper,PlatoMapperImpl,92,0,8,0,26,0,8,0,4,0
BITACORA-TERCIO2,com.dows.bitacora2.restaurante.mapper,MesaEntityMapperImpl,92,0,8,0,26,0,8,0,4,0
BITACORA-TERCIO2,com.dows.bitacora2.restaurante.mapper,PedidoMapperImpl,243,0,26,0,66,0,21,0,8,0
BITACORA-TERCIO2,com.dows.bitacora2.restaurante.mapper,PedidoEntityMapperImpl,244,0,24,0,66,0,20,0,8,0
BITACORA-TERCIO2,com.dows.bitacora2.restaurante.mapper,PlatoEntityMapperImpl,100,0,8,0,28,0,8,0,4,0
BITACORA-TERCIO2,com.dows.bitacora2.restaurante.mapper,CuentaEntityMapperImpl,92,0,8,0,26,0,8,0,4,0
BITACORA-TERCIO2,com.dows.bitacora2.restaurante.controller,MesaController,99,0,0,0,20,0,8,0,8,0
BITACORA-TERCIO2,com.dows.bitacora2.restaurante.controller,PedidoController,84,0,0,0,18,0,7,0,7,0
BITACORA-TERCIO2,com.dows.bitacora2.restaurante.controller,GlobalExceptionHandler,102,0,0,0,18,0,9,0,9,0
BITACORA-TERCIO2,com.dows.bitacora2.restaurante.controller,CuentaController,70,0,0,0,15,0,6,0,6,0
BITACORA-TERCIO2,com.dows.bitacora2.restaurante.controller,PlatoController,80,0,0,0,12,0,7,0,7,0
BITACORA-TERCIO2,com.dows.bitacora2.restaurante.persistence.entity,PedidoEntity,25,13,0,0,7,4,7,4,7,4
BITACORA-TERCIO2,com.dows.bitacora2.restaurante.persistence.entity,PlatoEntity,39,13,0,0,11,4,11,4,11,4
BITACORA-TERCIO2,com.dows.bitacora2.restaurante.persistence.entity,ItemPedidoEntity,59,0,0,0,17,0,17,0,17,0
BITACORA-TERCIO2,com.dows.bitacora2.restaurante.persistence.entity,MesaEntity,25,13,0,0,7,4,7,4,7,4
BITACORA-TERCIO2,com.dows.bitacora2.restaurante.persistence.entity,CuentaEntity,24,14,0,0,7,4,7,4,7,4
BITACORA-TERCIO2,com.dows.bitacora2.restaurante.model.dto.request,MesaRequestDTO,26,0,0,0,9,0,6,0,6,0
BITACORA-TERCIO2,com.dows.bitacora2.restaurante.model.dto.request,ItemPedidoRequestDTO,56,0,0,0,18,0,12,0,12,0
BITACORA-TERCIO2,com.dows.bitacora2.restaurante.model.dto.request,CuentaRequestDTO,16,0,0,0,6,0,4,0,4,0
BITACORA-TERCIO2,com.dows.bitacora2.restaurante.model.dto.request,PedidoRequestDTO,26,0,0,0,9,0,6,0,6,0
BITACORA-TERCIO2,com.dows.bitacora2.restaurante.model.dto.request,PlatoRequestDTO,46,0,0,0,15,0,10,0,10,0
